{   "Many Have College Degrees": {
        "salary": [],
        "citizen": [],
        "education": ["Iran","Iraq","Libya","Somalia","Sudan","Syria","Yemen"],
        "move": [],
        "map":[]
    },
    "Most Are Now Citizens": {
        "salary": [],
        "citizen": ["Iran","Iraq","Libya","Somalia","Sudan","Syria","Yemen"],
        "education": [],
        "move": [],
        "map":[]
    },
    "They Have Settled in Every State": {
        "salary": [],
        "citizen": [],
        "education": [],
        "move": [],
        "map":["Iran","Iraq","Libya","Somalia","Sudan","Syria","Yemen"]
    },
    "Some Have Prospered": {
        "salary": [],
        "citizen": [],
        "education": [],
        "move": ["Iran","Iraq","Libya","Somalia","Sudan","Syria","Yemen"],
        "map":[]
    },
    "Three Were Involved in Attacks": {
        "salary": [],
        "citizen": [],
        "education": [],
        "move": [],
        "map":["Iran","Somalia"]
    },
    "Iraqis, Somalis and Sudanese Are More Recent Arrivals": {
        "salary": [],
        "citizen": [],
        "education": [],
        "move": ["Iraq","Somalia","Sudan"],
        "map":["Iraq","Somalia","Sudan"]
    },
    "As a whole, residents from the seven predominantly Muslim countries, especially Iranians and the small group of Libyans, are better educated than the rest of America.": {
        "salary": [],
        "citizen": [],
        "education": ["Iran","Libya"],
        "move": [],
        "map":[]
    },
    "The two others were born in Somalia and entered the United States as refugees.": {
        "salary": [],
        "citizen": [],
        "education": [],
        "move": [],
        "map":["Somalia"]
    },
    "Most United States residents from these seven countries have become citizens, a rate higher than that of the foreign-born population in the country as a whole.": {
        "salary": [],
        "citizen": ["Iran","Iraq","Libya","Somalia","Sudan","Syria","Yemen"],
        "education": [],
        "move": [],
        "map":[]
    },
    "But the status of tens of thousands of those with permanent resident status is not as clear, as administration officials have said they may be subject to greater scrutiny if they travel abroad.": {
        "salary": [],
        "citizen": [],
        "education": [],
        "move": [],
        "map":[]
    },
    "A small number, about 10,000, have served in the American military.": {
        "salary": [],
        "citizen": [],
        "education": [],
        "move": [],
        "map":[]
    },
    "Minneapolis has the most Somali-born residents, but Columbus, Ohio, and Seattle also have significant communities.": {
        "salary": [],
        "citizen": [],
        "education": [],
        "move": [],
        "map":["Somalia"]
    },
    "Southern California has absorbed the largest number of residents from these countries, followed by the Detroit area - both places with substantial Arab and Muslim communities.": {
        "salary": [],
        "citizen": [],
        "education": [],
        "move": [],
        "map":["Iran","Iraq","Libya","Somalia","Sudan","Syria","Yemen"]
    },
    "Residents from Iran, Syria and Libya, who are more likely than the population as a whole to be managers, engineers and teachers, make close to or above the median income for the entire American population.": {
        "salary": ["Iran","Syria","Libya"],
        "citizen": [],
        "education": [],
        "move": [],
        "map":[]
    },
    "Here's a look at who these people are and how they have settled in the United States.": {
        "salary": [],
        "citizen": [],
        "education": [],
        "move": [],
        "map":["Iran","Iraq","Libya","Somalia","Sudan","Syria","Yemen"]
    },
    "Nearly two-thirds of Iraqis, Somalis and Sudanese have arrived since 2000.": {
        "salary": [],
        "citizen": [],
        "education": [],
        "move": ["Iraq","Somalia","Sudan"],
        "map":[]
    },
    "The pattern is roughly commensurate with how long immigrant communities have been in the United States, with nearly half of Iranians moving there before 1990.": {
        "salary": [],
        "citizen": [],
        "education": [],
        "move": ["Iran"],
        "map":[]
    },
    "Somalis and Sudanese are overrepresented in blue-collar jobs in manufacturing and transportation, and make less.": {
        "salary": ["Somalia","Sudan"],
        "citizen": [],
        "education": [],
        "move": [],
        "map":[]
    },
    "Somalis and Sudanese have settled in a very different pattern, and tend to be more isolated.": {
        "salary": [],
        "citizen": [],
        "education": [],
        "move": [],
        "map":["Somalia","Sudan"]
    },
    "The median income of Somalis is less than half the United States average.": {
        "salary": ["Somalia"],
        "citizen": [],
        "education": [],
        "move": [],
        "map":[]
    },
    "One of the attackers was born in Iran and was a naturalized citizen when he drove his S.U.V. into a crowd at the University of North Carolina at Chapel Hill in 2006.": {
        "salary": [],
        "citizen": [],
        "education": [],
        "move": [],
        "map":[]
    },
    "Thousands of Iraqis and Yemenis have settled in the Detroit area.": {
        "salary": [],
        "citizen": [],
        "education": [],
        "move": [],
        "map":["Iraq","Yemen"]
    },
    "People from Syria and Sudan also tend to be better educated than the national average.": {
        "salary": [],
        "citizen": [],
        "education": ["Syria","Sudan"],
        "move": [],
        "map":[]
    },
    "Altogether, immigrants and visitors from those countries are about 2 percent of all foreign-born people living in the United States.": {
        "salary": [],
        "citizen": [],
        "education": [],
        "move": [],
        "map":["Iran","Iraq","Libya","Somalia","Sudan","Syria","Yemen"]
    },
    "One of them stabbed at least 10 people in a mall in Minnesota.": {
        "salary": [],
        "citizen": [],
        "education": [],
        "move": [],
        "map":[]
    },
    "But some of the groups, especially the large contingent of Somalis, are widely dispersed.": {
        "salary": [],
        "citizen": [],
        "education": [],
        "move": [],
        "map":["Somalia"]
    },
    "Hundreds of thousands of Iranians live in suburbs north of Los Angeles, areas that have also drawn many Iraqis, Syrians and Yemenis.": {
        "salary": [],
        "citizen": [],
        "education": [],
        "move": [],
        "map":["Iran","Iraq","Syria","Yemen"]
    },
    "Since Sept.11, 2001, a vast majority of the perpetrators of terrorist attacks came from countries not listed in the ban, and many were born in the United States.": {
        "salary": [],
        "citizen": [],
        "education": [],
        "move": [],
        "map":[]
    },
    "A large contingent of Syrians lives in Brooklyn, but they have also settled in Burbank and Glendale, Calif., and the Detroit area.": {
        "salary": [],
        "citizen": [],
        "education": [],
        "move": [],
        "map":["Syria"]
    },
    "Immigrants From Banned Nations: Educated, Mostly Citizens and Found in Every State Immigration from the seven countries targeted by President Trump has been going on for decades but has never been much more than a trickle.": {
        "salary": [],
        "citizen": [],
        "education": [],
        "move": [],
        "map":[]
    },
    "Of the more than 856,000 immigrants, visa holders and green-card holders originally from the countries affected by the ban, just three are known to have carried out violent attacks inside the United States since Sept.11, 2001, according to David Sterman, an analyst at the New America think tank who maintains a database of terrorist attacks in the United States.": {
        "salary": [],
        "citizen": [],
        "education": [],
        "move": [],
        "map":[]
    },
    "The other rammed a car into pedestrians on a sidewalk and stabbed students at the campus of Ohio State University.": {
        "salary": [],
        "citizen": [],
        "education": [],
        "move": [],
        "map":[]
    },
    "Both attacks occurred in 2016.": {
        "salary": [],
        "citizen": [],
        "education": [],
        "move": [],
        "map":[]
    },
    "Most of these people are naturalized citizens and are not directly affected by the ban.": {
        "salary": [],
        "citizen": ["Iran","Iraq","Libya","Somalia","Sudan","Syria","Yemen"],
        "education": [],
        "move": [],
        "map":[]
    },
    "And visa holders may not be able to return to the United States if they go out of the country.": {
        "salary": [],
        "citizen": [],
        "education": [],
        "move": [],
        "map":[]
    },
    "Des Moines has a large number of Sudanese residents, who are also numerous in Texas and Virginia.": {
        "salary": [],
        "citizen": [],
        "education": [],
        "move": [],
        "map":["Sudan"]
    }
}