{
                "type": "Polygon",
                "arcs": [
                    [8623, -7973, 8624, -5008],
                    [8625],
                    [-7970]
                ],
                "id": "08014"
            },{
                "type": "Polygon",
                "arcs": [
                    [-6385, -7313, 7789, 7790, -3199, -1265, -4891, -735]
                ],
                "id": "Oglala Lakota"
            },{
                "type": "MultiPolygon",
                "arcs": [
                    [
                        [5282, 5283]
                    ],
                    [
                        [5284, -2010, 5285, 5286, 5287, 5288]
                    ]
                ],
                "id": "12086"
            },{
                "type": "Polygon",
                "arcs": [
                    [4770, 4771]
                ],
                "id": "02230"
            },{
                "type": "MultiPolygon",
                "arcs": [
                    [
                        [1576]
                    ],
                    [
                        [1577, 1578]
                    ],
                    [
                        [1579, 1580, 1581, 1582]
                    ],
                    [
                        [1583, 1584, -1352, 1585]
                    ],
                    [
                        [1586, 1587]
                    ],
                    [
                        [1588, 1589]
                    ]
                ],
                "id": "02105"
            },{
                "type": "MultiPolygon",
                "arcs": [
                    [
                        [-1354, 1355, 1356, 1357]
                    ],
                    [
                        [1358]
                    ],
                    [
                        [1359]
                    ]
                ],
                "id": "02275"
            },{
                "type": "MultiPolygon",
                "arcs": [
                    [
                        [1350, -297]
                    ],
                    [
                        [1351, 1352, 1353, 1354]
                    ]
                ],
                "id": "02195"
            },{
                "type": "Polygon",
                "arcs": [
                    [847, 848, 849, 850]
                ],
                "id": "02158"
            },{
                "type": "MultiPolygon",
                "arcs": [
                    [
                        [290, 291]
                    ],
                    [
                        [292]
                    ],
                    [
                        [293]
                    ],
                    [
                        [294]
                    ],
                    [
                        [295]
                    ],
                    [
                        [296, 297]
                    ],
                    [
                        [298, 299]
                    ]
                ],
                "id": "02198"
            },